subject_id,sex,diagnosis,age
1019436,1,ADHD,12.98
2014113,1,ADHD,10.3452054795
3154996,1,ADHD,11.65
3699991,1,TD,12.7726027397
3884955,1,TD,11.84
3902469,1,TD,10.6356164384
4275075,0,ADHD,10.5
7774305,0,TD,11.22
